tau_hat_ms,ci_lo_ms,ci_hi_ms,tau_hat_ms_wls,wls_ci_lo_ms,wls_ci_hi_ms,tau_hat_ms_tobit,tobit_ci_lo_ms,tobit_ci_hi_ms,agree_wls_in_ols_CI,agree_tobit_in_ols_CI
20.165839193467644,19.24167617668391,21.486741110737647,20.081390323227986,19.114426801617636,21.48674111073765,20.165839311042447,19.241676290509645,21.48674115225377,True,True
